[
    {
        "username": "Алексей",
        "title": "Список покупок",
        "content": "Купить продукты",
        "status": "новая",
        "created_date": "27-11-2024",
        "issue_date": "30-11-2024"
    },
    {
        "username": "Мария",
        "title": "Учеба",
        "content": "Подготовиться к экзамену",
        "status": "в процессе",
        "created_date": "25.11.2024",
        "issue_date": "01.12.2024"
    }
]